name,address,city,country
ASEE,,Beograd,RS
Agromarket,,Kragujevac,RS
AGS,,Split,HR
AI Solution,,Podgorica,ME
Akvapan,,Čačak,RS
Alfaterm,,Mostar,BA
Aling Conel,,Gajdobra,RS
Aling Conel,,Gajdobra,RS
Alliance,,Podgorica,MN
AlmaRas,,Olovo,BA
ASEE,,Beograd,RS
ASEE,,Beograd,RS
ASEE,,Beograd,RS
ASEE,,Beograd,RS
ASEE,,Beograd,RS
Anđelković,,Vinča,RS
Asura Group,,Zagreb,HR
Atlas,,Sevojno,RS
Auto Čačak Komerc,,Čačak,RS
Automaterijal,,Šabac,RS
Automaterijal,,Šabac,RS
Bosil,,Vitez,BA
Byte Lab Grupa,,Zagreb,HR
